Deletion size,Max growth rate,Min production rate,Deleted genes,,,,,,,,,,,,,,,,,,,,,,,,,,,,,,
23,0.130885678860708,0.135126374515615,YBR068C,YMR083W,YDR046C,YBR069C,YGR087C,YLR044C,YLR134W,YDR380W,YOR348C,YKL192C,YOL052C,YBR291C,YPL265W,YCL025C,YKR039W,YOL020W,YOR120W,YOL059W,YBR263W,YJR078W,YJL121C,YLR348C,YML120C,,,,,,,,
23,0.130885678889331,0.135126374467622,YBR068C,YMR083W,YDR046C,YBR069C,YDR035W,YGR087C,YLR044C,YLR134W,YDR380W,YOR348C,YKL192C,YOL052C,YPL265W,YCL025C,YKR039W,YOL020W,YOR120W,YOL059W,YBR263W,YJR078W,YJL121C,YLR348C,YML120C,,,,,,,,
23,0.133903951260253,0.13396956236932,YBR068C,YMR083W,YDR046C,YBR069C,YGR087C,YLR044C,YLR134W,YDR380W,YMR009W,YOR348C,YKL192C,YMR289W,YPL265W,YJL060W,YCL025C,YKR039W,YOL020W,YOR120W,YOL059W,YMR189W,YJL121C,YLR348C,YML120C,,,,,,,,
23,0.130885678828616,0.135126374428407,YBR068C,YMR083W,YDR046C,YBR069C,YGR087C,YLR044C,YLR134W,YDR380W,YMR009W,YOR348C,YKL192C,YBR291C,YPL265W,YJL060W,YCL025C,YKR039W,YOL020W,YOR120W,YOL059W,YBR263W,YJL121C,YLR348C,YML120C,,,,,,,,
23,0.13088567883382,0.13512637418967,YBR068C,YMR083W,YDR046C,YBR069C,YGR087C,YLR044C,YLR134W,YDR380W,YOR348C,YKL192C,YBR291C,YPL265W,YCL025C,YKR039W,YOL020W,YOR120W,YOL059W,YMR189W,YJR078W,YJL121C,YLR348C,YLR017W,YML120C,,,,,,,,
23,0.130885678840759,0.135126374898309,YBR068C,YMR083W,YDR046C,YBR069C,YDR035W,YGR087C,YLR044C,YLR134W,YDR380W,YOR348C,YKL192C,YPL265W,YCL025C,YKR039W,YOL020W,YOR120W,YOL059W,YMR189W,YJR078W,YJL121C,YLR348C,YLR017W,YML120C,,,,,,,,
23,0.1339039512776,0.133969564784957,YBR068C,YMR083W,YDR046C,YBR069C,YGR087C,YLR044C,YLR134W,YDR380W,YMR009W,YOR348C,YKL192C,YNR033W,YPL265W,YCL025C,YKR039W,YOL020W,YOR120W,YOL059W,YMR189W,YJR078W,YJL121C,YLR348C,YML120C,,,,,,,,
23,0.130885678843361,0.135126374428285,YBR068C,YMR083W,YDR046C,YBR069C,YDR035W,YGR087C,YLR044C,YLR134W,YDR380W,YOR348C,YKL192C,YPL265W,YJL060W,YCL025C,YKR039W,YOL020W,YOR120W,YOL059W,YBR263W,YJL121C,YLR348C,YLR017W,YML120C,,,,,,,,
23,0.133903951301019,0.133969565909843,YBR068C,YMR083W,YDR046C,YBR069C,YGR087C,YLR044C,YLR134W,YDR380W,YMR009W,YOR348C,YKL192C,YNR033W,YPL265W,YCL025C,YKR039W,YOL020W,YOR120W,YOL059W,YBR263W,YJR078W,YJL121C,YLR348C,YML120C,,,,,,,,
23,0.13088567883035,0.135126374799346,YBR068C,YMR083W,YDR046C,YBR069C,YDR035W,YGR087C,YLR044C,YLR134W,YDR380W,YOR348C,YKL192C,YOL052C,YPL265W,YJL060W,YCL025C,YKR039W,YOL020W,YOR120W,YOL059W,YMR189W,YJL121C,YLR348C,YML120C,,,,,,,,
23,0.130885678844227,0.135126374776079,YBR068C,YMR083W,YDR046C,YBR069C,YDR035W,YGR087C,YLR044C,YLR134W,YDR380W,YMR009W,YOR348C,YKL192C,YPL265W,YJL060W,YCL025C,YKR039W,YOL020W,YOR120W,YOL059W,YBR263W,YJL121C,YLR348C,YML120C,,,,,,,,
23,0.130885678861575,0.135126374630575,YBR068C,YMR083W,YDR046C,YBR069C,YGR087C,YLR044C,YLR134W,YDR380W,YMR009W,YOR348C,YKL192C,YBR291C,YPL265W,YCL025C,YKR039W,YOL020W,YOR120W,YOL059W,YMR189W,YJR078W,YJL121C,YLR348C,YML120C,,,,,,,,
23,0.133903951288009,0.13396956488392,YBR068C,YMR083W,YDR046C,YBR069C,YGR087C,YLR044C,YLR134W,YDR380W,YOR348C,YKL192C,YNR033W,YPL265W,YCL025C,YKR039W,YOL020W,YOR120W,YOL059W,YMR189W,YJR078W,YJL121C,YLR348C,YLR017W,YML120C,,,,,,,,
23,0.130885678865045,0.135126374508343,YBR068C,YMR083W,YDR046C,YBR069C,YGR087C,YLR044C,YLR134W,YDR380W,YMR009W,YOR348C,YKL192C,YBR291C,YPL265W,YJL060W,YCL025C,YKR039W,YOL020W,YOR120W,YOL059W,YMR189W,YJL121C,YLR348C,YML120C,,,,,,,,
24,0.130885678847697,0.135126374755999,YBR068C,YMR083W,YDR046C,YBR069C,YDR035W,YGR087C,YLR044C,YLR134W,YDR380W,YMR009W,YOR348C,YKL192C,YPL265W,YCL025C,YKR039W,YOL020W,YOL059W,YIL053W,YER062C,YMR189W,YLR231C,YJL121C,YLR348C,YML120C,,,,,,,
24,0.13088567880086,0.135126374499546,YBR068C,YMR083W,YDR046C,YBR069C,YDR035W,YGR087C,YLR044C,YLR134W,YDR380W,YOR348C,YKL192C,YPL265W,YCL025C,YKR039W,YOL020W,YOR120W,YOL059W,YMR189W,YJR078W,YJL121C,YLR348C,YBR176W,YML120C,YKL184W,,,,,,,
24,0.130885678849432,0.13512637475403,YBR068C,YMR083W,YDR046C,YBR069C,YDR035W,YGR087C,YFL053W,YML070W,YLR044C,YLR134W,YDR380W,YMR009W,YOR348C,YKL192C,YPL265W,YCL025C,YKR039W,YOL020W,YOL059W,YMR189W,YLR231C,YJL121C,YLR348C,YML120C,,,,,,,
24,0.133903951260253,0.13396956236932,YBR068C,YMR083W,YDR046C,YBR069C,YGR087C,YFL053W,YML070W,YLR044C,YLR134W,YDR380W,YMR009W,YOR348C,YKL192C,YMR289W,YPL265W,YJL060W,YCL025C,YKR039W,YOL020W,YOL059W,YMR189W,YJL121C,YLR348C,YML120C,,,,,,,
24,0.133903951301886,0.133969566257635,YBR068C,YMR083W,YDR046C,YBR069C,YGR087C,YLR044C,YLR134W,YDR380W,YOR348C,YKL192C,YMR289W,YPL265W,YCL025C,YKR039W,YOL020W,YOR120W,YOL059W,YMR189W,YLR231C,YJL121C,YLR348C,YLR146C,YML120C,YKL184W,,,,,,,
24,0.13088567883382,0.135126374422501,YBR068C,YMR083W,YDR046C,YBR069C,YGR087C,YLR044C,YLR134W,YDR380W,YOR348C,YKL192C,YOL052C,YBR291C,YPL265W,YCL025C,YKR039W,YOL020W,YOL059W,YIL053W,YER062C,YMR189W,YLR231C,YJL121C,YLR348C,YML120C,,,,,,,
24,0.130885678842493,0.135126374546155,YBR068C,YMR083W,YDR046C,YBR069C,YDR035W,YGR087C,YLR044C,YLR134W,YDR380W,YOR348C,YKL192C,YPL265W,YJL060W,YCL025C,YKR039W,YOL020W,YOR120W,YOL059W,YMR189W,YCR028C,YJL121C,YLR348C,YML120C,YKL184W,,,,,,,
24,0.13088567883382,0.13512637418967,YBR068C,YMR083W,YDR046C,YBR069C,YGR087C,YFL053W,YML070W,YLR044C,YLR134W,YDR380W,YOR348C,YKL192C,YBR291C,YPL265W,YCL025C,YKR039W,YOL020W,YOL059W,YMR189W,YJR078W,YJL121C,YLR348C,YLR017W,YML120C,,,,,,,
24,0.130885678849432,0.13512637475403,YBR068C,YMR083W,YDR046C,YBR069C,YDR035W,YGR087C,YFL053W,YML070W,YLR044C,YLR134W,YDR380W,YMR009W,YOR348C,YKL192C,YPL265W,YJL060W,YCL025C,YKR039W,YOL020W,YOL059W,YMR189W,YJL121C,YLR348C,YML120C,,,,,,,
24,0.133903951288009,0.13396956488392,YBR068C,YMR083W,YDR046C,YBR069C,YGR087C,YFL053W,YML070W,YLR044C,YLR134W,YDR380W,YOR348C,YKL192C,YNR033W,YOL052C,YPL265W,YCL025C,YKR039W,YOL020W,YOL059W,YMR189W,YJR078W,YJL121C,YLR348C,YML120C,,,,,,,
24,0.133903951267192,0.133969562590517,YBR068C,YMR083W,YDR046C,YBR069C,YGR087C,YLR044C,YLR134W,YDR380W,YOR348C,YKL192C,YMR289W,YPL265W,YJL060W,YCL025C,YKR039W,YOL020W,YOR120W,YOL059W,YBR263W,YMR020W,YJL121C,YLR348C,YPR069C,YML120C,,,,,,,
24,0.130885678865045,0.135126374508343,YBR068C,YMR083W,YDR046C,YBR069C,YGR087C,YFL053W,YML070W,YLR044C,YLR134W,YDR380W,YMR009W,YOR348C,YKL192C,YBR291C,YPL265W,YJL060W,YCL025C,YKR039W,YOL020W,YOL059W,YMR189W,YJL121C,YLR348C,YML120C,,,,,,,
24,0.130885678865045,0.135126374508343,YBR068C,YMR083W,YDR046C,YBR069C,YGR087C,YFL053W,YML070W,YLR044C,YLR134W,YDR380W,YMR009W,YOR348C,YKL192C,YBR291C,YPL265W,YCL025C,YKR039W,YOL020W,YOL059W,YMR189W,YLR231C,YJL121C,YLR348C,YML120C,,,,,,,
24,0.130885678837289,0.135126374554881,YBR068C,YMR083W,YDR046C,YBR069C,YGR087C,YLR044C,YLR134W,YDR380W,YOR348C,YKL192C,YBR291C,YPL265W,YJL060W,YCL025C,YKR039W,YOL020W,YOR120W,YOL059W,YBR263W,YMR020W,YJL121C,YLR348C,YPR069C,YML120C,,,,,,,
24,0.130885678854636,0.13512637464221,YBR068C,YMR083W,YDR046C,YBR069C,YDR035W,YGR087C,YLR044C,YLR134W,YDR380W,YOR348C,YKL192C,YPL265W,YCL025C,YKR039W,YOL020W,YOR120W,YOL059W,YMR189W,YCR028C,YJR078W,YJL121C,YLR348C,YPR069C,YML120C,,,,,,,
24,0.130885678843361,0.135126374428285,YBR068C,YMR083W,YDR046C,YBR069C,YDR035W,YGR087C,YFL053W,YML070W,YLR044C,YLR134W,YDR380W,YOR348C,YKL192C,YOL052C,YPL265W,YJL060W,YCL025C,YKR039W,YOL020W,YOL059W,YBR263W,YJL121C,YLR348C,YML120C,,,,,,,
24,0.130885678847697,0.135126374523168,YBR068C,YMR083W,YDR046C,YBR069C,YDR035W,YGR087C,YLR044C,YLR134W,YDR380W,YOR348C,YKL192C,YPL265W,YCL025C,YKR039W,YOL020W,YOR120W,YOL059W,YMR189W,YLR231C,YKL174C,YJL121C,YLR348C,YBR176W,YML120C,,,,,,,
24,0.130885678847698,0.13512637477026,YBR068C,YMR083W,YDR046C,YBR069C,YDR035W,YGR087C,YLR044C,YLR134W,YDR380W,YOR348C,YKL192C,YPL265W,YJL060W,YCL025C,YKR039W,YOL020W,YOL059W,YIL053W,YER062C,YMR189W,YJL121C,YLR348C,YLR017W,YML120C,,,,,,,
24,0.130885678844227,0.135126374776079,YBR068C,YMR083W,YDR046C,YBR069C,YDR035W,YGR087C,YFL053W,YML070W,YLR044C,YLR134W,YDR380W,YMR009W,YOR348C,YKL192C,YPL265W,YJL060W,YCL025C,YKR039W,YOL020W,YOL059W,YBR263W,YJL121C,YLR348C,YML120C,,,,,,,
24,0.133903951301886,0.133969566257635,YBR068C,YMR083W,YDR046C,YBR069C,YGR087C,YLR044C,YLR134W,YDR380W,YOR348C,YKL192C,YMR289W,YOL052C,YPL265W,YCL025C,YKR039W,YOL020W,YOL059W,YIL053W,YER062C,YBR263W,YJR078W,YJL121C,YLR348C,YML120C,,,,,,,
24,0.133903951312295,0.133969566356598,YBR068C,YMR083W,YDR046C,YBR069C,YGR087C,YLR044C,YLR134W,YDR380W,YOR348C,YKL192C,YMR289W,YOL052C,YPL265W,YJL060W,YCL025C,YKR039W,YOL020W,YOL059W,YIL053W,YER062C,YBR263W,YJL121C,YLR348C,YML120C,,,,,,,
24,0.133903951312295,0.133969566356598,YBR068C,YMR083W,YDR046C,YBR069C,YGR087C,YLR044C,YLR134W,YDR380W,YOR348C,YKL192C,YNR033W,YPL265W,YCL025C,YKR039W,YOL020W,YOL059W,YIL053W,YER062C,YBR263W,YLR231C,YJL121C,YLR348C,YLR017W,YML120C,,,,,,,
24,0.130885678871983,0.135126374496709,YBR068C,YMR083W,YDR046C,YBR069C,YDR035W,YGR087C,YLR044C,YLR134W,YDR380W,YOR348C,YKL192C,YPL265W,YCL025C,YKR039W,YOL020W,YOR120W,YOL059W,YIL145C,YBR263W,YJR078W,YJL121C,YLR348C,YPR069C,YML120C,,,,,,,
24,0.133903951329642,0.133969566560343,YBR068C,YMR083W,YDR046C,YBR069C,YGR087C,YLR044C,YLR134W,YDR380W,YOR348C,YKL192C,YMR289W,YPL265W,YJL060W,YCL025C,YKR039W,YOL020W,YOR120W,YOL059W,YBR263W,YKL174C,YJL121C,YLR348C,YBR176W,YML120C,,,,,,,
24,0.133903951312295,0.133969566356598,YBR068C,YMR083W,YDR046C,YBR069C,YGR087C,YLR044C,YLR134W,YDR380W,YOR348C,YKL192C,YNR033W,YOL052C,YPL265W,YCL025C,YKR039W,YOL020W,YOL059W,YIL053W,YER062C,YBR263W,YLR231C,YJL121C,YLR348C,YML120C,,,,,,,
25,0.130871699597136,0.142264771099249,YBR068C,YMR083W,YDR046C,YBR069C,YPL061W,YGR087C,YLR044C,YLR134W,YDR380W,YMR009W,YKL192C,YPL148C,YBR291C,YCL025C,YKR039W,YOL020W,YOR120W,YOL059W,YGR191W,YLR231C,YJL121C,YLR348C,YML120C,YHR074W,YBR180W,,,,,,
25,0.110328676482485,0.110382735687229,YDL168W,YMR303C,YBR068C,YDR046C,YBR069C,YGR087C,YLR044C,YLR134W,YDR380W,YDL080C,YOR348C,YKL192C,YMR289W,YPL265W,YCL025C,YKR039W,YOL020W,YOR120W,YOL059W,YBR263W,YLR231C,YJL121C,YLR348C,YLR017W,YML120C,,,,,,
25,0.133717991218599,0.127688086221574,YBR068C,YMR083W,YDR046C,YBR069C,YGR087C,YLR044C,YLR134W,YDR380W,YKL192C,YPL148C,YMR289W,YOL052C,YCL025C,YKR039W,YOL020W,YOR120W,YOL059W,YGR191W,YLR231C,YDR403W,YJL121C,YLR348C,YML120C,YEL046C,YLR328W,,,,,,
25,0.133717991135333,0.127687987873825,YBR068C,YMR083W,YDR046C,YBR069C,YGR087C,YLR044C,YLR134W,YDR380W,YMR009W,YKL192C,YPL148C,YMR289W,YCL025C,YKR039W,YOL020W,YOR120W,YOL059W,YGR191W,YJR078W,YDR403W,YJL121C,YLR348C,YML120C,YEL046C,YLR328W,,,,,,
25,0.130758756348414,0.142141984555712,YBR068C,YMR083W,YDR046C,YBR069C,YDR035W,YGR087C,YLR044C,YLR134W,YDR380W,YKL192C,YOL052C,YHR002W,YCL025C,YKR039W,YOL020W,YOR120W,YOL059W,YGR191W,YLR231C,YDR403W,YJL121C,YLR348C,YML120C,YEL046C,YLR328W,,,,,,
25,0.133600083873295,0.127575368393698,YBR068C,YMR083W,YDR046C,YBR069C,YGR087C,YLR044C,YLR134W,YDR380W,YMR009W,YKL192C,YMR289W,YHR002W,YCL025C,YKR039W,YOL020W,YOR120W,YOL059W,YGR191W,YJR078W,YJL121C,YLR348C,YML120C,YHR074W,YEL046C,YDR402C,,,,,,
25,0.129847052324682,0.147773056658655,YBR068C,YMR083W,YDR046C,YBR069C,YPL061W,YGR087C,YLR044C,YLR134W,YDR380W,YMR009W,YKL192C,YBR291C,YHR002W,YJL060W,YCL025C,YKR039W,YOL020W,YOR120W,YOL059W,YGR191W,YBR166C,YJL121C,YLR348C,YML120C,YLR328W,,,,,,
25,0.130758756266016,0.142141898662947,YBR068C,YMR083W,YDR046C,YBR069C,YGR087C,YLR044C,YLR134W,YDR380W,YKL192C,YOL052C,YBR291C,YHR002W,YCL025C,YKR039W,YOL020W,YOR120W,YOL059W,YGR191W,YJR078W,YJL121C,YLR348C,YML120C,YEL046C,YDR402C,YFR047C,,,,,,
25,0.130871699665658,0.142264838738075,YBR068C,YMR083W,YDR046C,YBR069C,YDR035W,YGR087C,YLR044C,YLR134W,YDR380W,YMR009W,YKL192C,YPL148C,YCL025C,YKR039W,YOL020W,YOR120W,YOL059W,YGR191W,YJR078W,YJL121C,YLR348C,YML120C,YEL046C,YDR402C,YFR047C,,,,,,
25,0.13087169957632,0.142264713392151,YBR068C,YMR083W,YDR046C,YBR069C,YPL061W,YDR035W,YGR087C,YLR044C,YLR134W,YDR380W,YMR009W,YKL192C,YPL148C,YCL025C,YKR039W,YOL020W,YOR120W,YOL059W,YGR191W,YJR078W,YJL121C,YLR348C,YML120C,YDR402C,YLR328W,,,,,,
25,0.130758756299842,0.14214193842027,YBR068C,YMR083W,YDR046C,YBR069C,YPL061W,YDR035W,YGR087C,YLR044C,YLR134W,YDR380W,YKL192C,YOL052C,YHR002W,YJL060W,YCL025C,YKR039W,YOL020W,YOR120W,YOL059W,YGR191W,YJL121C,YLR348C,YML120C,YHR074W,YDR402C,,,,,,
25,0.129958425598468,0.147899972563789,YBR068C,YMR083W,YDR046C,YBR069C,YPL061W,YGR087C,YLR044C,YLR134W,YDR380W,YKL192C,YPL148C,YBR291C,YJL060W,YCL025C,YKR039W,YOL020W,YOR120W,YOL059W,YGR191W,YBR166C,YJL121C,YLR348C,YLR017W,YML120C,YHR074W,,,,,,
25,0.130885678840759,0.135126374781894,YBR068C,YMR083W,YDR046C,YBR069C,YGR087C,YLR044C,YLR134W,YDR380W,YOR348C,YKL192C,YBR291C,YPL265W,YCL025C,YKR039W,YOL020W,YOL059W,YIL053W,YER062C,YMR189W,YLR231C,YCR028C,YKL174C,YJL121C,YLR348C,YML120C,,,,,,
25,0.130885678878922,0.13512637460149,YBR068C,YMR083W,YDR046C,YBR069C,YGR087C,YFL053W,YML070W,YLR044C,YLR134W,YDR380W,YOR348C,YKL192C,YBR291C,YPL265W,YCL025C,YKR039W,YOL020W,YOL059W,YBR263W,YLR231C,YMR020W,YKL174C,YJL121C,YLR348C,YML120C,,,,,,
25,0.130871699586728,0.142264734678705,YBR068C,YMR083W,YDR046C,YBR069C,YPL061W,YGR087C,YLR044C,YLR134W,YDR380W,YMR009W,YKL192C,YPL148C,YBR291C,YJL060W,YCL025C,YKR039W,YOL020W,YOR120W,YOL059W,YGR191W,YDR403W,YJL121C,YLR348C,YML120C,YFR047C,,,,,,
25,0.133903951300152,0.133969565445636,YBR068C,YMR083W,YDR046C,YBR069C,YMR170C,YMR169C,YGR087C,YLR044C,YLR134W,YDR380W,YOR348C,YKL192C,YMR289W,YPL265W,YCL025C,YKR039W,YOL020W,YOR120W,YOL059W,YBR263W,YJR078W,YJL121C,YLR348C,YPR069C,YML120C,,,,,,
25,0.130758756279893,0.142141934612013,YBR068C,YMR083W,YDR046C,YBR069C,YDR035W,YGR087C,YLR044C,YLR134W,YDR380W,YMR009W,YKL192C,YHR002W,YCL025C,YKR039W,YOL020W,YOR120W,YOL059W,YGR191W,YLR231C,YDR403W,YJL121C,YLR348C,YML120C,YEL046C,YFR047C,,,,,,
25,0.133903951288009,0.133969564651089,YBR068C,YMR083W,YDR046C,YBR069C,YMR170C,YMR169C,YGR087C,YLR044C,YLR134W,YDR380W,YOR348C,YKL192C,YNR033W,YPL265W,YJL060W,YCL025C,YKR039W,YOL020W,YOR120W,YOL059W,YMR189W,YKL174C,YJL121C,YLR348C,YML120C,,,,,,
25,0.1339039512776,0.133969563970049,YBR068C,YMR083W,YDR046C,YBR069C,YGR087C,YLR044C,YLR134W,YDR380W,YOR348C,YKL192C,YNR033W,YPL265W,YJL060W,YCL025C,YKR039W,YOL020W,YOL059W,YIL053W,YER062C,YMR189W,YCR028C,YKL174C,YJL121C,YLR348C,YML120C,,,,,,
25,0.133600083878498,0.127575393761051,YBR068C,YMR083W,YDR046C,YBR069C,YGR087C,YLR044C,YLR134W,YDR380W,YMR009W,YKL192C,YNR033W,YHR002W,YCL025C,YKR039W,YOL020W,YOR120W,YOL059W,YGR191W,YJR078W,YJL121C,YLR348C,YML120C,YEL046C,YDR402C,YLR328W,,,,,,
25,0.107652110621642,0.111140038787849,YDL168W,YMR303C,YBR068C,YDR046C,YBR069C,YGR087C,YLR044C,YLR134W,YDR380W,YDL080C,YOR348C,YKL192C,YOL052C,YBR291C,YPL265W,YCL025C,YKR039W,YOL020W,YOR120W,YOL059W,YBR263W,YLR231C,YJL121C,YLR348C,YML120C,,,,,,
25,0.130758756299842,0.14214193842027,YBR068C,YMR083W,YDR046C,YBR069C,YPL061W,YDR035W,YGR087C,YLR044C,YLR134W,YDR380W,YKL192C,YOL052C,YHR002W,YJL060W,YCL025C,YKR039W,YOL020W,YOR120W,YOL059W,YGR191W,YDR403W,YJL121C,YLR348C,YML120C,YHR074W,,,,,,
25,0.130758756348414,0.142141984555712,YBR068C,YMR083W,YDR046C,YBR069C,YDR035W,YGR087C,YLR044C,YLR134W,YDR380W,YKL192C,YHR002W,YJL060W,YCL025C,YKR039W,YOL020W,YOR120W,YOL059W,YGR191W,YJL121C,YLR348C,YLR017W,YML120C,YEL046C,YBR180W,YLR328W,,,,,,
25,0.133903951267192,0.133969562474101,YBR068C,YMR083W,YDR046C,YBR069C,YGR087C,YLR044C,YLR134W,YDR380W,YOR348C,YKL192C,YNR033W,YPL265W,YCL025C,YKR039W,YOL020W,YOL059W,YIL053W,YER062C,YBR263W,YCR028C,YJR078W,YJL121C,YLR348C,YPR069C,YML120C,,,,,,
25,0.129847052329886,0.147773043029337,YBR068C,YMR083W,YDR046C,YBR069C,YDR035W,YGR087C,YLR044C,YLR134W,YDR380W,YKL192C,YOL052C,YHR002W,YCL025C,YKR039W,YOL020W,YOR120W,YOL059W,YGR191W,YLR231C,YBR166C,YJL121C,YLR348C,YML120C,YHR074W,YEL046C,,,,,,
25,0.130758756298975,0.142141928642837,YBR068C,YMR083W,YDR046C,YBR069C,YPL061W,YGR087C,YLR044C,YLR134W,YDR380W,YKL192C,YBR291C,YHR002W,YCL025C,YKR039W,YOL020W,YOR120W,YOL059W,YGR191W,YJR078W,YDR403W,YJL121C,YLR348C,YLR017W,YML120C,YHR074W,,,,,,
25,0.130885678840759,0.135126374549064,YBR068C,YMR083W,YDR046C,YBR069C,YGR087C,YLR044C,YLR134W,YDR380W,YOR348C,YKL192C,YBR291C,YPL265W,YCL025C,YKR039W,YOL020W,YOL059W,YIL053W,YER062C,YMR189W,YLR231C,YCR028C,YJL121C,YLR348C,YML120C,YKL184W,,,,,,
25,0.133600083920131,0.12757543269284,YBR068C,YMR083W,YDR046C,YBR069C,YPL061W,YGR087C,YLR044C,YLR134W,YDR380W,YKL192C,YNR033W,YOL052C,YHR002W,YJL060W,YCL025C,YKR039W,YOL020W,YOR120W,YOL059W,YGR191W,YJL121C,YLR348C,YML120C,YDR402C,YFR047C,,,,,,
25,0.107652110670214,0.111140038822824,YDL168W,YMR303C,YBR068C,YDR046C,YBR069C,YGR087C,YLR044C,YLR134W,YDR380W,YDL080C,YMR009W,YOR348C,YKL192C,YBR291C,YPL265W,YCL025C,YKR039W,YOL020W,YOR120W,YOL059W,YMR189W,YJR078W,YJL121C,YLR348C,YML120C,,,,,,
25,0.130758756296373,0.142141935282873,YBR068C,YMR083W,YDR046C,YBR069C,YDR035W,YGR087C,YLR044C,YLR134W,YDR380W,YKL192C,YHR002W,YCL025C,YKR039W,YOL020W,YOR120W,YOL059W,YGR191W,YJR078W,YJL121C,YLR348C,YLR017W,YML120C,YHR074W,YEL046C,YBR180W,,,,,,
25,0.133903951308825,0.133969567060908,YBR068C,YMR083W,YDR046C,YBR069C,YGR087C,YLR044C,YLR134W,YDR380W,YOR348C,YKL192C,YMR289W,YPL265W,YJL060W,YCL025C,YKR039W,YOL020W,YOL059W,YIL145C,YIL053W,YER062C,YBR263W,YKL174C,YJL121C,YLR348C,YML120C,,,,,,
25,0.133600083872427,0.127575369675722,YBR068C,YMR083W,YDR046C,YBR069C,YPL061W,YGR087C,YLR044C,YLR134W,YDR380W,YKL192C,YMR289W,YHR002W,YJL060W,YCL025C,YKR039W,YOL020W,YOR120W,YOL059W,YGR191W,YDR403W,YJL121C,YLR348C,YLR017W,YML120C,YLR328W,,,,,,
25,0.133600083893243,0.127575382446504,YBR068C,YMR083W,YDR046C,YBR069C,YGR087C,YLR044C,YLR134W,YDR380W,YKL192C,YNR033W,YOL052C,YHR002W,YCL025C,YKR039W,YOL020W,YOR120W,YOL059W,YGR191W,YJR078W,YJL121C,YLR348C,YML120C,YHR074W,YEL046C,YDR402C,,,,,,
25,0.130885678840759,0.135126374549063,YBR068C,YMR083W,YDR046C,YBR069C,YGR087C,YFL053W,YML070W,YLR044C,YLR134W,YDR380W,YOR348C,YKL192C,YBR291C,YPL265W,YCL025C,YKR039W,YOL020W,YOL059W,YBR263W,YLR231C,YJL121C,YLR348C,YPR069C,YBR176W,YML120C,,,,,,
25,0.107652110673684,0.111140038700591,YDL168W,YMR303C,YBR068C,YDR046C,YBR069C,YGR087C,YLR044C,YLR134W,YDR380W,YDL080C,YOR348C,YKL192C,YOL052C,YBR291C,YPL265W,YCL025C,YKR039W,YOL020W,YOR120W,YOL059W,YBR263W,YJR078W,YJL121C,YLR348C,YML120C,,,,,,
25,0.129958425515202,0.147899858732802,YBR068C,YMR083W,YDR046C,YBR069C,YPL061W,YDR035W,YGR087C,YLR044C,YLR134W,YDR380W,YMR009W,YKL192C,YPL148C,YCL025C,YKR039W,YOL020W,YOR120W,YOL059W,YGR191W,YLR231C,YBR166C,YJL121C,YLR348C,YML120C,YLR328W,,,,,,
25,0.129847052343764,0.147773073972544,YBR068C,YMR083W,YDR046C,YBR069C,YDR035W,YGR087C,YLR044C,YLR134W,YDR380W,YMR009W,YKL192C,YHR002W,YCL025C,YKR039W,YOL020W,YOR120W,YOL059W,YGR191W,YLR231C,YBR166C,YJL121C,YLR348C,YML120C,YEL046C,YLR328W,,,,,,
26,0.130758756285964,0.142141936231648,YBR068C,YMR083W,YDR046C,YBR069C,YPL061W,YGR087C,YLR044C,YLR134W,YDR380W,YKL192C,YBR291C,YHR002W,YCL025C,YKR039W,YOL020W,YOR120W,YOL059W,YGR191W,YLR231C,YJL121C,YLR348C,YBR176W,YML120C,YHR074W,YDR402C,YKL184W,,,,,
26,0.130758756286832,0.142141919815633,YBR068C,YMR083W,YDR046C,YBR069C,YPL061W,YGR087C,YLR044C,YLR134W,YDR380W,YKL192C,YOL052C,YBR291C,YHR002W,YCL025C,YKR039W,YOL020W,YOL059W,YIL053W,YER062C,YGR191W,YLR231C,YJL121C,YLR348C,YML120C,YBR180W,YLR328W,,,,,
26,0.107652110642459,0.111140038752946,YDL168W,YMR303C,YBR068C,YDR046C,YBR069C,YDR035W,YGR087C,YLR044C,YLR134W,YDR380W,YDL080C,YOR348C,YKL192C,YPL265W,YJL060W,YCL025C,YKR039W,YOL020W,YOR120W,YOL059W,YMR189W,YJL121C,YLR348C,YLR146C,YML120C,YKL184W,,,,,
26,0.130871699611014,0.142264778410145,YBR068C,YMR083W,YDR046C,YBR069C,YPL061W,YGR087C,YLR044C,YLR134W,YDR380W,YKL192C,YPL148C,YBR291C,YCL025C,YKR039W,YOL020W,YOR120W,YOL059W,YIL145C,YGR191W,YJR078W,YDR403W,YJL121C,YLR348C,YPR069C,YML120C,YFR047C,,,,,
26,0.130758756273823,0.142141917392724,YBR068C,YMR083W,YDR046C,YBR069C,YGR087C,YLR044C,YLR134W,YDR380W,YKL192C,YBR291C,YHR002W,YCL025C,YKR039W,YOL020W,YOL059W,YIL053W,YER062C,YGR191W,YLR231C,YJL121C,YLR348C,YLR017W,YML120C,YHR074W,YEL046C,YDR402C,,,,,
26,0.13075875630071,0.142141962749618,YBR068C,YMR083W,YDR046C,YBR069C,YPL061W,YGR087C,YLR044C,YLR134W,YDR380W,YKL192C,YBR291C,YHR002W,YJL060W,YCL025C,YKR039W,YOL020W,YOR120W,YOL059W,YIL145C,YGR191W,YDR403W,YJL121C,YLR348C,YPR069C,YML120C,YHR074W,,,,,
26,0.133717991149211,0.127688029760072,YBR068C,YMR083W,YDR046C,YBR069C,YGR087C,YLR044C,YLR134W,YDR380W,YKL192C,YPL148C,YNR033W,YJL060W,YCL025C,YKR039W,YOL020W,YOR120W,YOL059W,YIL145C,YGR191W,YJL121C,YLR348C,YPR069C,YML120C,YEL046C,YDR402C,YLR328W,,,,,
26,0.129847052335957,0.14777305338012,YBR068C,YMR083W,YDR046C,YBR069C,YPL061W,YGR087C,YLR044C,YLR134W,YDR380W,YMR009W,YKL192C,YBR291C,YHR002W,YJL060W,YCL025C,YKR039W,YOL020W,YOL059W,YIL053W,YER062C,YGR191W,YBR166C,YJL121C,YLR348C,YML120C,YLR328W,,,,,
26,0.130758756299842,0.142141939402392,YBR068C,YMR083W,YDR046C,YBR069C,YPL061W,YDR035W,YGR087C,YFL053W,YML070W,YLR044C,YLR134W,YDR380W,YKL192C,YHR002W,YJL060W,YCL025C,YKR039W,YOL020W,YOL059W,YGR191W,YDR403W,YJL121C,YLR348C,YLR017W,YML120C,YFR047C,,,,,
26,0.133717991114516,0.127687963345095,YBR068C,YMR083W,YDR046C,YBR069C,YPL061W,YGR087C,YFL053W,YML070W,YLR044C,YLR134W,YDR380W,YKL192C,YPL148C,YMR289W,YOL052C,YJL060W,YCL025C,YKR039W,YOL020W,YOL059W,YGR191W,YDR403W,YJL121C,YLR348C,YML120C,YHR074W,,,,,
26,0.130758756348414,0.142141984555712,YBR068C,YMR083W,YDR046C,YBR069C,YDR035W,YGR087C,YFL053W,YML070W,YLR044C,YLR134W,YDR380W,YKL192C,YOL052C,YHR002W,YJL060W,YCL025C,YKR039W,YOL020W,YOL059W,YGR191W,YJL121C,YLR348C,YML120C,YEL046C,YDR402C,YLR328W,,,,,
26,0.133766350866625,0.115469120119572,YBR068C,YMR083W,YDR046C,YBR069C,YGR087C,YFL053W,YML070W,YLR044C,YLR134W,YDR380W,YOR348C,YKL106W,YKL192C,YNR033W,YPL265W,YCL025C,YKR039W,YOL020W,YOL059W,YBR263W,YLR231C,YHR208W,YMR020W,YJL121C,YLR348C,YML120C,,,,,
26,0.130758756348414,0.142141984555712,YBR068C,YMR083W,YDR046C,YBR069C,YDR035W,YGR087C,YFL053W,YML070W,YLR044C,YLR134W,YDR380W,YKL192C,YHR002W,YCL025C,YKR039W,YOL020W,YOL059W,YGR191W,YLR231C,YDR403W,YJL121C,YLR348C,YLR017W,YML120C,YEL046C,YLR328W,,,,,
26,0.133600083899315,0.127575404788065,YBR068C,YMR083W,YDR046C,YBR069C,YPL061W,YGR087C,YLR044C,YLR134W,YDR380W,YKL192C,YMR289W,YHR002W,YCL025C,YKR039W,YOL020W,YOR120W,YOL059W,YGR191W,YLR231C,YMR020W,YJL121C,YLR348C,YML120C,YDR402C,YFR047C,YKL184W,,,,,
26,0.130871699569381,0.142264721669274,YBR068C,YMR083W,YDR046C,YBR069C,YPL061W,YDR035W,YGR087C,YLR044C,YLR134W,YDR380W,YKL192C,YPL148C,YCL025C,YKR039W,YOL020W,YOL059W,YIL053W,YER062C,YGR191W,YLR231C,YJL121C,YLR348C,YLR017W,YML120C,YBR180W,YLR328W,,,,,
26,0.110328676482485,0.110382735687229,YDL168W,YMR303C,YBR068C,YDR046C,YBR069C,YGR087C,YFL053W,YML070W,YLR044C,YLR134W,YDR380W,YDL080C,YOR348C,YKL192C,YMR289W,YOL052C,YPL265W,YCL025C,YKR039W,YOL020W,YOL059W,YBR263W,YLR231C,YJL121C,YLR348C,YML120C,,,,,
26,0.133600083871559,0.127575367465285,YBR068C,YMR083W,YDR046C,YBR069C,YPL061W,YGR087C,YFL053W,YML070W,YLR044C,YLR134W,YDR380W,YMR009W,YKL192C,YMR289W,YHR002W,YCL025C,YKR039W,YOL020W,YOL059W,YGR191W,YJR078W,YDR403W,YJL121C,YLR348C,YML120C,YHR074W,,,,,
26,0.130871699577188,0.142264750760015,YBR068C,YMR083W,YDR046C,YBR069C,YGR087C,YLR044C,YLR134W,YDR380W,YKL192C,YPL148C,YBR291C,YCL025C,YKR039W,YOL020W,YOR120W,YOL059W,YGR191W,YLR231C,YCR028C,YDR403W,YJL121C,YLR348C,YML120C,YHR074W,YEL046C,YKL184W,,,,,
26,0.107652110619908,0.111140039023589,YDL168W,YMR303C,YBR068C,YDR046C,YBR069C,YGR087C,YLR044C,YLR134W,YDR380W,YDL080C,YOR348C,YKL192C,YBR291C,YPL265W,YJL060W,YCL025C,YKR039W,YOL020W,YOR120W,YOL059W,YMR189W,YMR020W,YJL121C,YLR348C,YML120C,YKL184W,,,,,
26,0.133600083869825,0.127575367584608,YBR068C,YMR083W,YDR046C,YBR069C,YGR087C,YLR044C,YLR134W,YDR380W,YKL192C,YNR033W,YHR002W,YJL060W,YCL025C,YKR039W,YOL020W,YOL059W,YIL053W,YER062C,YGR191W,YJL121C,YLR348C,YLR017W,YML120C,YEL046C,YBR180W,YLR328W,,,,,
26,0.133717991135333,0.127687974369647,YBR068C,YMR083W,YDR046C,YBR069C,YPL061W,YGR087C,YLR044C,YLR134W,YDR380W,YKL192C,YPL148C,YMR289W,YCL025C,YKR039W,YOL020W,YOR120W,YOL059W,YGR191W,YLR231C,YCR028C,YDR403W,YJL121C,YLR348C,YPR069C,YML120C,YFR047C,,,,,
26,0.133766350867493,0.11546912104944,YBR068C,YMR083W,YDR046C,YBR069C,YGR087C,YFL053W,YML070W,YLR044C,YLR134W,YDR380W,YOR348C,YKL106W,YKL192C,YNR033W,YPL265W,YCL025C,YKR039W,YOL020W,YOL059W,YBR263W,YHR208W,YCR028C,YJR078W,YJL121C,YLR348C,YML120C,,,,,
26,0.130871699604075,0.142264758281928,YBR068C,YMR083W,YDR046C,YBR069C,YGR087C,YLR044C,YLR134W,YDR380W,YKL192C,YPL148C,YOL052C,YBR291C,YCL025C,YKR039W,YOL020W,YOL059W,YIL053W,YER062C,YGR191W,YJR078W,YJL121C,YLR348C,YML120C,YEL046C,YBR180W,YFR047C,,,,,
26,0.130758756272954,0.142141907848123,YBR068C,YMR083W,YDR046C,YBR069C,YPL061W,YDR035W,YGR087C,YLR044C,YLR134W,YDR380W,YKL192C,YHR002W,YJL060W,YCL025C,YKR039W,YOL020W,YOR120W,YOL059W,YGR191W,YCR028C,YDR403W,YKL174C,YJL121C,YLR348C,YML120C,YLR328W,,,,,
26,0.130758756120299,0.142141763283421,YBR068C,YMR083W,YDR046C,YBR069C,YDR035W,YGR087C,YLR044C,YLR134W,YDR380W,YKL192C,YHR002W,YCL025C,YKR039W,YOL020W,YOR120W,YOL059W,YGR191W,YCR028C,YJR078W,YJL121C,YLR348C,YPR069C,YML120C,YEL046C,YDR402C,YLR328W,,,,,
26,0.133600083899315,0.127575405835803,YBR068C,YMR083W,YDR046C,YBR069C,YPL061W,YGR087C,YLR044C,YLR134W,YDR380W,YKL192C,YMR289W,YHR002W,YCL025C,YKR039W,YOL020W,YOR120W,YOL059W,YGR191W,YLR231C,YMR020W,YKL174C,YJL121C,YLR348C,YML120C,YBR180W,YFR047C,,,,,
26,0.110328676454731,0.11038273585018,YDL168W,YMR303C,YBR068C,YDR046C,YBR069C,YGR087C,YFL053W,YML070W,YLR044C,YLR134W,YDR380W,YDL080C,YMR009W,YOR348C,YKL192C,YNR033W,YPL265W,YCL025C,YKR039W,YOL020W,YOL059W,YMR189W,YJR078W,YJL121C,YLR348C,YML120C,,,,,
26,0.133600083932275,0.127575416839995,YBR068C,YMR083W,YDR046C,YBR069C,YGR087C,YLR044C,YLR134W,YDR380W,YKL192C,YNR033W,YOL052C,YHR002W,YCL025C,YKR039W,YOL020W,YOL059W,YIL053W,YER062C,YGR191W,YLR231C,YJL121C,YLR348C,YML120C,YEL046C,YDR402C,YFR047C,,,,,
26,0.13075875631372,0.142141977279718,YBR068C,YMR083W,YDR046C,YBR069C,YDR035W,YGR087C,YFL053W,YML070W,YLR044C,YLR134W,YDR380W,YMR009W,YKL192C,YHR002W,YCL025C,YKR039W,YOL020W,YOL059W,YGR191W,YJR078W,YDR403W,YJL121C,YLR348C,YML120C,YHR074W,YEL046C,,,,,
26,0.130758756327598,0.142141991109872,YBR068C,YMR083W,YDR046C,YBR069C,YDR035W,YGR087C,YLR044C,YLR134W,YDR380W,YKL192C,YHR002W,YCL025C,YKR039W,YOL020W,YOL059W,YIL053W,YER062C,YGR191W,YLR231C,YDR403W,YJL121C,YLR348C,YLR017W,YML120C,YEL046C,YLR328W,,,,,
26,0.129847052330753,0.147773061654334,YBR068C,YMR083W,YDR046C,YBR069C,YGR087C,YFL053W,YML070W,YLR044C,YLR134W,YDR380W,YMR009W,YKL192C,YBR291C,YHR002W,YCL025C,YKR039W,YOL020W,YOL059W,YGR191W,YBR166C,YJR078W,YJL121C,YLR348C,YML120C,YEL046C,YLR328W,,,,,
26,0.110328676437384,0.110382734482282,YDL168W,YMR303C,YBR068C,YDR046C,YBR069C,YGR087C,YFL053W,YML070W,YLR044C,YLR134W,YDR380W,YDL080C,YOR348C,YKL192C,YNR033W,YPL265W,YJL060W,YCL025C,YKR039W,YOL020W,YOL059W,YMR189W,YJL121C,YLR348C,YLR017W,YML120C,,,,,
26,0.110328676479017,0.110382737206443,YDL168W,YMR303C,YBR068C,YDR046C,YBR069C,YGR087C,YLR044C,YLR134W,YDR380W,YDL080C,YOR348C,YKL192C,YMR289W,YPL265W,YJL060W,YCL025C,YKR039W,YOL020W,YOR120W,YOL059W,YMR189W,YCR028C,YJL121C,YLR348C,YML120C,YKL184W,,,,,
26,0.130758756272955,0.142141915182287,YBR068C,YMR083W,YDR046C,YBR069C,YDR035W,YGR087C,YLR044C,YLR134W,YDR380W,YKL192C,YOL052C,YHR002W,YCL025C,YKR039W,YOL020W,YOL059W,YIL053W,YER062C,YGR191W,YJR078W,YDR403W,YJL121C,YLR348C,YML120C,YEL046C,YLR328W,,,,,
26,0.133717991134466,0.127687986012633,YBR068C,YMR083W,YDR046C,YBR069C,YGR087C,YFL053W,YML070W,YLR044C,YLR134W,YDR380W,YKL192C,YPL148C,YNR033W,YCL025C,YKR039W,YOL020W,YOL059W,YGR191W,YJR078W,YJL121C,YLR348C,YLR017W,YML120C,YEL046C,YDR402C,YLR328W,,,,,
26,0.133600083913193,0.127575407442349,YBR068C,YMR083W,YDR046C,YBR069C,YGR087C,YLR044C,YLR134W,YDR380W,YKL192C,YMR289W,YHR002W,YCL025C,YKR039W,YOL020W,YOR120W,YOL059W,YIL145C,YGR191W,YJR078W,YJL121C,YLR348C,YML120C,YHR074W,YEL046C,YDR402C,YKL184W,,,,,
26,0.110328676482486,0.110382737084211,YDL168W,YMR303C,YBR068C,YDR046C,YBR069C,YGR087C,YLR044C,YLR134W,YDR380W,YDL080C,YMR009W,YOR348C,YKL192C,YNR033W,YPL265W,YJL060W,YCL025C,YKR039W,YOL020W,YOL059W,YIL053W,YER062C,YMR189W,YJL121C,YLR348C,YML120C,,,,,
26,0.129847052383662,0.14777316761998,YBR068C,YMR083W,YDR046C,YBR069C,YPL061W,YDR035W,YGR087C,YLR044C,YLR134W,YDR380W,YKL192C,YHR002W,YJL060W,YCL025C,YKR039W,YOL020W,YOR120W,YOL059W,YGR191W,YBR166C,YJL121C,YLR348C,YPR069C,YLR146C,YML120C,YHR074W,,,,,
26,0.132503214725298,0.105791890511499,YBR068C,YMR083W,YDR046C,YBR069C,YGR087C,YLR044C,YLR134W,YDR380W,YOR348C,YKL192C,YPL148C,YOL052C,YBR291C,YPL265W,YJL060W,YCL025C,YKR039W,YOL020W,YOR120W,YOL059W,YGR191W,YBR166C,YJL121C,YLR348C,YML120C,YFR047C,,,,,
26,0.129958425495253,0.147899858999081,YBR068C,YMR083W,YDR046C,YBR069C,YGR087C,YLR044C,YLR134W,YDR380W,YKL192C,YPL148C,YBR291C,YCL025C,YKR039W,YOL020W,YOR120W,YOL059W,YGR191W,YCR028C,YBR166C,YJR078W,YKL174C,YJL121C,YLR348C,YML120C,YEL046C,YLR328W,,,,,
26,0.130758756293772,0.142141952865948,YBR068C,YMR083W,YDR046C,YBR069C,YPL061W,YDR035W,YGR087C,YFL053W,YML070W,YLR044C,YLR134W,YDR380W,YKL192C,YOL052C,YHR002W,YCL025C,YKR039W,YOL020W,YOL059W,YGR191W,YJR078W,YJL121C,YLR348C,YML120C,YBR180W,YLR328W,,,,,
26,0.133717991134466,0.127687986012633,YBR068C,YMR083W,YDR046C,YBR069C,YGR087C,YFL053W,YML070W,YLR044C,YLR134W,YDR380W,YKL192C,YPL148C,YNR033W,YCL025C,YKR039W,YOL020W,YOL059W,YGR191W,YJR078W,YJL121C,YLR348C,YLR017W,YML120C,YEL046C,YBR180W,YLR328W,,,,,
26,0.130871699604075,0.142264758281928,YBR068C,YMR083W,YDR046C,YBR069C,YGR087C,YLR044C,YLR134W,YDR380W,YKL192C,YPL148C,YOL052C,YBR291C,YCL025C,YKR039W,YOL020W,YOL059W,YIL053W,YER062C,YGR191W,YJR078W,YJL121C,YLR348C,YML120C,YEL046C,YDR402C,YFR047C,,,,,
26,0.133717991163089,0.127688024963774,YBR068C,YMR083W,YDR046C,YBR069C,YPL061W,YGR087C,YLR044C,YLR134W,YDR380W,YKL192C,YPL148C,YMR289W,YCL025C,YKR039W,YOL020W,YOL059W,YIL053W,YER062C,YGR191W,YLR231C,YJL121C,YLR348C,YLR017W,YML120C,YHR074W,YBR180W,,,,,
26,0.133903951294947,0.133969565221531,YBR068C,YMR083W,YDR046C,YBR069C,YMR170C,YMR169C,YGR087C,YFL053W,YML070W,YLR044C,YLR134W,YDR380W,YOR348C,YKL192C,YNR033W,YPL265W,YCL025C,YKR039W,YOL020W,YOL059W,YMR189W,YJR078W,YJL121C,YLR348C,YPR069C,YML120C,,,,,
26,0.133717991134466,0.127687986012633,YBR068C,YMR083W,YDR046C,YBR069C,YGR087C,YFL053W,YML070W,YLR044C,YLR134W,YDR380W,YKL192C,YPL148C,YNR033W,YCL025C,YKR039W,YOL020W,YOL059W,YGR191W,YJR078W,YDR403W,YJL121C,YLR348C,YLR017W,YML120C,YEL046C,YLR328W,,,,,
26,0.133600083899315,0.127575404788065,YBR068C,YMR083W,YDR046C,YBR069C,YPL061W,YGR087C,YLR044C,YLR134W,YDR380W,YKL192C,YNR033W,YHR002W,YJL060W,YCL025C,YKR039W,YOL020W,YOR120W,YOL059W,YGR191W,YMR020W,YJL121C,YLR348C,YML120C,YDR402C,YFR047C,YKL184W,,,,,
26,0.110328676513711,0.110382737381102,YDL168W,YMR303C,YBR068C,YDR046C,YBR069C,YGR087C,YLR044C,YLR134W,YDR380W,YDL080C,YOR348C,YKL192C,YNR033W,YPL265W,YCL025C,YKR039W,YOL020W,YOR120W,YOL059W,YBR263W,YLR231C,YCR028C,YJL121C,YLR348C,YML120C,YKL184W,,,,,
26,0.130758756286832,0.142141922376771,YBR068C,YMR083W,YDR046C,YBR069C,YPL061W,YGR087C,YLR044C,YLR134W,YDR380W,YKL192C,YBR291C,YHR002W,YCL025C,YKR039W,YOL020W,YOR120W,YOL059W,YGR191W,YCR028C,YJR078W,YDR403W,YKL174C,YJL121C,YLR348C,YML120C,YHR074W,,,,,
26,0.10765211066501,0.11114003883155,YDL168W,YMR303C,YBR068C,YDR046C,YBR069C,YDR035W,YGR087C,YLR044C,YLR134W,YDR380W,YDL080C,YOR348C,YKL192C,YPL265W,YJL060W,YCL025C,YKR039W,YOL020W,YOR120W,YOL059W,YMR189W,YJL121C,YLR348C,YPR069C,YBR176W,YML120C,,,,,
26,0.130758756273823,0.142141925658212,YBR068C,YMR083W,YDR046C,YBR069C,YGR087C,YFL053W,YML070W,YLR044C,YLR134W,YDR380W,YKL192C,YOL052C,YBR291C,YHR002W,YCL025C,YKR039W,YOL020W,YOL059W,YGR191W,YJR078W,YJL121C,YLR348C,YML120C,YEL046C,YBR180W,YLR328W,,,,,
26,0.110328676489426,0.11038273672333,YDL168W,YMR303C,YBR068C,YDR046C,YBR069C,YGR087C,YLR044C,YLR134W,YDR380W,YDL080C,YOR348C,YKL192C,YNR033W,YPL265W,YJL060W,YCL025C,YKR039W,YOL020W,YOL059W,YIL053W,YER062C,YBR263W,YJL121C,YLR348C,YLR017W,YML120C,,,,,
26,0.110328676475547,0.11038273697943,YDL168W,YMR303C,YBR068C,YDR046C,YBR069C,YGR087C,YFL053W,YML070W,YLR044C,YLR134W,YDR380W,YDL080C,YMR009W,YOR348C,YKL192C,YMR289W,YPL265W,YCL025C,YKR039W,YOL020W,YOL059W,YBR263W,YJR078W,YJL121C,YLR348C,YML120C,,,,,
26,0.130871699499992,0.142264629933929,YBR068C,YMR083W,YDR046C,YBR069C,YDR035W,YGR087C,YLR044C,YLR134W,YDR380W,YKL192C,YPL148C,YCL025C,YKR039W,YOL020W,YOR120W,YOL059W,YGR191W,YLR231C,YCR028C,YJL121C,YLR348C,YML120C,YHR074W,YEL046C,YBR180W,YKL184W,,,,,
27,0.130871699579789,0.14226471501615,YBR068C,YMR083W,YDR046C,YBR069C,YGR087C,YFL053W,YML070W,YLR044C,YLR134W,YDR380W,YKL192C,YPL148C,YBR291C,YJL060W,YCL025C,YKR039W,YOL020W,YOL059W,YGR191W,YJL121C,YLR348C,YPR069C,YLR146C,YML120C,YEL046C,YBR180W,YFR047C,,,,
27,0.110328676484221,0.110382737430548,YDL168W,YMR303C,YBR068C,YDR046C,YBR069C,YGR087C,YLR044C,YLR134W,YDR380W,YDL080C,YOR348C,YKL192C,YNR033W,YPL265W,YCL025C,YKR039W,YOL020W,YOL059W,YIL053W,YER062C,YMR189W,YLR231C,YJL121C,YLR348C,YPR069C,YBR176W,YML120C,,,,
27,0.132467569877049,0.105763433554464,YBR068C,YMR083W,YDR046C,YBR069C,YGR087C,YLR044C,YLR134W,YDR380W,YOR348C,YKL192C,YOL052C,YBR291C,YHR002W,YPL265W,YCL025C,YKR039W,YOL020W,YOL059W,YIL053W,YER062C,YGR191W,YBR166C,YJR078W,YJL121C,YLR348C,YML120C,YHR074W,,,,
27,0.107197919104025,0.121997126563343,YDL168W,YMR303C,YBR068C,YDR046C,YBR069C,YPL061W,YDR035W,YGR087C,YLR044C,YLR134W,YDR380W,YDL080C,YMR009W,YKL192C,YPL148C,YCL025C,YKR039W,YOL020W,YOR120W,YOL059W,YGR191W,YBR166C,YJR078W,YJL121C,YLR348C,YML120C,YHR074W,,,,
27,0.110367597033401,0.10539057570675,YDL168W,YMR303C,YBR068C,YDR046C,YBR069C,YPL061W,YGR087C,YLR044C,YLR134W,YDR380W,YDL080C,YKL192C,YPL148C,YMR289W,YOL052C,YCL025C,YKR039W,YOL020W,YOR120W,YOL059W,YGR191W,YJR078W,YJL121C,YLR348C,YML120C,YBR180W,YFR047C,,,,
27,0.133717991107578,0.127687933321576,YBR068C,YMR083W,YDR046C,YBR069C,YPL061W,YGR087C,YFL053W,YML070W,YLR044C,YLR134W,YDR380W,YKL192C,YPL148C,YNR033W,YJL060W,YCL025C,YKR039W,YOL020W,YOL059W,YGR191W,YDR403W,YJL121C,YLR348C,YPR069C,YBR176W,YML120C,YHR074W,,,,
27,0.106788140734922,0.121530777456193,YDL168W,YMR303C,YBR068C,YDR046C,YBR069C,YDR035W,YGR087C,YLR044C,YLR134W,YDR380W,YDL080C,YKL192C,YHR002W,YCL025C,YKR039W,YOL020W,YOR120W,YOL059W,YGR191W,YLR231C,YBR166C,YJL121C,YLR348C,YLR017W,YML120C,YHR074W,YEL046C,,,,
27,0.130871699611014,0.14226476758352,YBR068C,YMR083W,YDR046C,YBR069C,YPL061W,YDR035W,YGR087C,YLR044C,YLR134W,YDR380W,YKL192C,YPL148C,YCL025C,YKR039W,YOL020W,YOL059W,YIL145C,YIL053W,YER062C,YGR191W,YJR078W,YJL121C,YLR348C,YPR069C,YML120C,YHR074W,YDR402C,,,,
27,0.133600083891509,0.127575386989609,YBR068C,YMR083W,YDR046C,YBR069C,YPL061W,YGR087C,YLR044C,YLR134W,YDR380W,YKL192C,YNR033W,YHR002W,YCL025C,YKR039W,YOL020W,YOL059W,YIL053W,YER062C,YGR191W,YCR028C,YJR078W,YJL121C,YLR348C,YPR069C,YML120C,YBR180W,YFR047C,,,,
27,0.133600083886305,0.127575394565331,YBR068C,YMR083W,YDR046C,YBR069C,YPL061W,YGR087C,YLR044C,YLR134W,YDR380W,YKL192C,YMR289W,YHR002W,YCL025C,YKR039W,YOL020W,YOL059W,YIL053W,YER062C,YGR191W,YLR231C,YKL174C,YJL121C,YLR348C,YBR176W,YML120C,YDR402C,YLR328W,,,,
27,0.133717991122322,0.127687988826962,YBR068C,YMR083W,YDR046C,YBR069C,YPL061W,YGR087C,YLR044C,YLR134W,YDR380W,YKL192C,YPL148C,YNR033W,YJL060W,YCL025C,YKR039W,YOL020W,YOL059W,YIL145C,YIL053W,YER062C,YGR191W,YDR403W,YJL121C,YLR348C,YPR069C,YML120C,YLR328W,,,,
27,0.132467569835415,0.105763417675373,YBR068C,YMR083W,YDR046C,YBR069C,YDR035W,YGR087C,YLR044C,YLR134W,YDR380W,YOR348C,YKL192C,YHR002W,YPL265W,YCL025C,YKR039W,YOL020W,YOR120W,YOL059W,YGR191W,YBR166C,YJR078W,YJL121C,YLR348C,YPR069C,YBR176W,YML120C,YFR047C,,,,
27,0.13360008385161,0.127575348755867,YBR068C,YMR083W,YDR046C,YBR069C,YPL061W,YGR087C,YLR044C,YLR134W,YDR380W,YKL192C,YMR289W,YHR002W,YCL025C,YKR039W,YOL020W,YOR120W,YOL059W,YGR191W,YLR231C,YDR403W,YJL121C,YLR348C,YLR017W,YML120C,YPL188W,YJR049C,YEL041W,,,,
27,0.130737108688218,0.142288056295848,YBR068C,YMR083W,YDR046C,YBR069C,YPL061W,YDR035W,YGR087C,YLR044C,YLR134W,YDR380W,YOR348C,YKL192C,YHR002W,YPL265W,YCL025C,YKR039W,YOL020W,YOR120W,YOL059W,YGR191W,YMR020W,YJR078W,YKL174C,YJL121C,YLR348C,YML120C,YHR074W,,,,
27,0.130758756273823,0.142141895739474,YBR068C,YMR083W,YDR046C,YBR069C,YDR035W,YGR087C,YLR044C,YLR134W,YDR380W,YKL192C,YHR002W,YJL060W,YCL025C,YKR039W,YOL020W,YOL059W,YIL053W,YER062C,YGR191W,YDR403W,YJL121C,YLR348C,YPR069C,YLR146C,YML120C,YEL046C,YFR047C,,,,
27,0.13085001456829,0.142410940303581,YBR068C,YMR083W,YDR046C,YBR069C,YDR035W,YGR087C,YLR044C,YLR134W,YDR380W,YOR348C,YKL192C,YPL148C,YPL265W,YCL025C,YKR039W,YOL020W,YOL059W,YIL053W,YER062C,YGR191W,YJR078W,YJL121C,YLR348C,YLR017W,YML120C,YHR074W,YEL046C,,,,
27,0.107652110670215,0.111140038589993,YDL168W,YMR303C,YBR068C,YDR046C,YBR069C,YGR087C,YLR044C,YLR134W,YDR380W,YDL080C,YOR348C,YKL192C,YBR291C,YPL265W,YCL025C,YKR039W,YOL020W,YOL059W,YIL145C,YIL053W,YER062C,YMR189W,YJR078W,YJL121C,YLR348C,YML120C,YKL184W,,,,
27,0.130871699597137,0.142264741296925,YBR068C,YMR083W,YDR046C,YBR069C,YPL061W,YGR087C,YLR044C,YLR134W,YDR380W,YKL192C,YPL148C,YBR291C,YJL060W,YCL025C,YKR039W,YOL020W,YOL059W,YIL145C,YIL053W,YER062C,YGR191W,YJL121C,YLR348C,YPR069C,YML120C,YBR180W,YLR328W,,,,
27,0.110367597012584,0.105390568523903,YDL168W,YMR303C,YBR068C,YDR046C,YBR069C,YPL061W,YGR087C,YLR044C,YLR134W,YDR380W,YDL080C,YMR009W,YKL192C,YPL148C,YMR289W,YCL025C,YKR039W,YOL020W,YOR120W,YOL059W,YGR191W,YJR078W,YJL121C,YLR348C,YML120C,YHR074W,YBR180W,,,,
27,0.130758756272954,0.142141945915933,YBR068C,YMR083W,YDR046C,YBR069C,YPL061W,YDR035W,YGR087C,YLR044C,YLR134W,YDR380W,YKL192C,YOL052C,YHR002W,YCL025C,YKR039W,YOL020W,YOR120W,YOL059W,YGR191W,YLR231C,YJL121C,YLR348C,YML120C,YPL188W,YJR049C,YEL041W,YBR180W,,,,
27,0.1307587562877,0.142141933085525,YBR068C,YMR083W,YDR046C,YBR069C,YDR035W,YGR087C,YLR044C,YLR134W,YDR380W,YKL192C,YHR002W,YCL025C,YKR039W,YOL020W,YOL059W,YIL145C,YIL053W,YER062C,YGR191W,YJR078W,YKL174C,YJL121C,YLR348C,YML120C,YEL046C,YDR402C,YFR047C,,,,
27,0.130373221866736,0.144278183264573,YBR068C,YMR083W,YDR046C,YBR069C,YPL061W,YDR035W,YGR087C,YLR044C,YLR134W,YDR380W,YKL106W,YKL192C,YHR002W,YCL025C,YKR039W,YOL020W,YOR120W,YOL059W,YIL145C,YGR191W,YLR231C,YHR208W,YJL121C,YLR348C,YML120C,YDR402C,YFR047C,,,,
27,0.130758756286832,0.142141950316447,YBR068C,YMR083W,YDR046C,YBR069C,YDR035W,YGR087C,YLR044C,YLR134W,YDR380W,YKL192C,YOL052C,YHR002W,YCL025C,YKR039W,YOL020W,YOR120W,YOL059W,YGR191W,YJR078W,YDR403W,YJL121C,YLR348C,YML120C,YPL188W,YJR049C,YEL041W,YEL046C,,,,
27,0.129958425501324,0.147899848395108,YBR068C,YMR083W,YDR046C,YBR069C,YPL061W,YDR035W,YGR087C,YLR044C,YLR134W,YDR380W,YKL192C,YPL148C,YCL025C,YKR039W,YOL020W,YOL059W,YIL053W,YER062C,YGR191W,YMR020W,YBR166C,YJR078W,YKL174C,YJL121C,YLR348C,YML120C,YHR074W,,,,
27,0.107628723960788,0.116998348829058,YDL168W,YMR303C,YBR068C,YDR046C,YBR069C,YGR087C,YLR044C,YLR134W,YDR380W,YDL080C,YKL192C,YPL148C,YOL052C,YBR291C,YCL025C,YKR039W,YOL020W,YOR120W,YOL059W,YGR191W,YJR078W,YJL121C,YLR348C,YML120C,YHR074W,YEL046C,YDR402C,,,,
27,0.12995842552908,0.147899893168468,YBR068C,YMR083W,YDR046C,YBR069C,YPL061W,YGR087C,YLR044C,YLR134W,YDR380W,YKL192C,YPL148C,YBR291C,YCL025C,YKR039W,YOL020W,YOL059W,YIL145C,YIL053W,YER062C,YGR191W,YLR231C,YBR166C,YJL121C,YLR348C,YML120C,YHR074W,YKL184W,,,,
27,0.107652110661541,0.111140038837367,YDL168W,YMR303C,YBR068C,YDR046C,YBR069C,YGR087C,YFL053W,YML070W,YLR044C,YLR134W,YDR380W,YDL080C,YOR348C,YKL192C,YBR291C,YPL265W,YCL025C,YKR039W,YOL020W,YOL059W,YBR263W,YLR231C,YKL174C,YJL121C,YLR348C,YBR176W,YML120C,,,,
27,0.133600083913193,0.127575412797453,YBR068C,YMR083W,YDR046C,YBR069C,YPL061W,YGR087C,YLR044C,YLR134W,YDR380W,YKL192C,YMR289W,YHR002W,YCL025C,YKR039W,YOL020W,YOL059W,YIL145C,YIL053W,YER062C,YGR191W,YLR231C,YDR403W,YJL121C,YLR348C,YPR069C,YML120C,YFR047C,,,,
27,0.110328676479017,0.110382737206443,YDL168W,YMR303C,YBR068C,YDR046C,YBR069C,YGR087C,YLR044C,YLR134W,YDR380W,YDL080C,YOR348C,YKL192C,YNR033W,YPL265W,YJL060W,YCL025C,YKR039W,YOL020W,YOL059W,YIL053W,YER062C,YBR263W,YJL121C,YLR348C,YBR176W,YML120C,YKL184W,,,,
27,0.107652110654602,0.111140039081833,YDL168W,YMR303C,YBR068C,YDR046C,YBR069C,YGR087C,YFL053W,YML070W,YLR044C,YLR134W,YDR380W,YDL080C,YOR348C,YKL192C,YBR291C,YPL265W,YJL060W,YCL025C,YKR039W,YOL020W,YOL059W,YBR263W,YJL121C,YLR348C,YPR069C,YBR176W,YML120C,,,,
27,0.106881406697075,0.121636925911211,YDL168W,YMR303C,YBR068C,YDR046C,YBR069C,YDR035W,YGR087C,YLR044C,YLR134W,YDR380W,YDL080C,YMR009W,YKL192C,YPL148C,YCL025C,YKR039W,YOL020W,YOR120W,YOL059W,YGR191W,YLR231C,YBR166C,YJL121C,YLR348C,YML120C,YEL046C,YFR047C,,,,
27,0.110268150482157,0.105295610391402,YDL168W,YMR303C,YBR068C,YDR046C,YBR069C,YPL061W,YGR087C,YLR044C,YLR134W,YDR380W,YDL080C,YMR009W,YKL192C,YMR289W,YHR002W,YJL060W,YCL025C,YKR039W,YOL020W,YOR120W,YOL059W,YGR191W,YJL121C,YLR348C,YML120C,YHR074W,YBR180W,,,,
28,0.136413673448548,0.0839298800056205,YBR068C,YMR083W,YDR046C,YBR069C,YGR087C,YFL053W,YML070W,YLR044C,YLR134W,YDR380W,YOR348C,YKL192C,YPL148C,YNR033W,YPL265W,YCL025C,YKR039W,YOL020W,YOL059W,YIL145C,YGR191W,YLR231C,YDR403W,YJL121C,YLR348C,YML120C,YLR328W,YKL184W,,,
28,0.110268150482157,0.105295610391402,YDL168W,YMR303C,YBR068C,YDR046C,YBR069C,YPL061W,YGR087C,YLR044C,YLR134W,YDR380W,YDL080C,YKL192C,YMR289W,YHR002W,YCL025C,YKR039W,YOL020W,YOR120W,YOL059W,YGR191W,YJR078W,YDR403W,YKL174C,YJL121C,YLR348C,YBR176W,YML120C,YFR047C,,,
28,0.110438638409126,0.0953322886761502,YDL168W,YMR303C,YBR068C,YDR046C,YBR069C,YGR087C,YLR044C,YLR134W,YDR380W,YDL080C,YOR348C,YKL106W,YKL192C,YNR033W,YPL265W,YJL060W,YCL025C,YKR039W,YOL020W,YOL059W,YIL053W,YER062C,YMR189W,YHR208W,YCR028C,YJL121C,YLR348C,YML120C,,,
28,0.107104100228329,0.121890358368081,YDL168W,YMR303C,YBR068C,YDR046C,YBR069C,YPL061W,YDR035W,YGR087C,YFL053W,YML070W,YLR044C,YLR134W,YDR380W,YDL080C,YKL192C,YHR002W,YCL025C,YKR039W,YOL020W,YOL059W,YGR191W,YLR231C,YBR166C,YJL121C,YLR348C,YLR017W,YML120C,YHR074W,,,
28,0.107534149752748,0.116895533732335,YDL168W,YMR303C,YBR068C,YDR046C,YBR069C,YDR035W,YGR087C,YFL053W,YML070W,YLR044C,YLR134W,YDR380W,YDL080C,YMR009W,YKL192C,YHR002W,YCL025C,YKR039W,YOL020W,YOL059W,YGR191W,YJR078W,YDR403W,YJL121C,YLR348C,YML120C,YHR074W,YEL046C,,,
28,0.110268150499504,0.105295611992131,YDL168W,YMR303C,YBR068C,YDR046C,YBR069C,YPL061W,YGR087C,YLR044C,YLR134W,YDR380W,YDL080C,YKL192C,YMR289W,YHR002W,YCL025C,YKR039W,YOL020W,YOR120W,YOL059W,YGR191W,YLR231C,YCR028C,YDR403W,YJL121C,YLR348C,YPR069C,YML120C,YFR047C,,,
28,0.110070226728586,0.105106598244576,YDL168W,YMR303C,YBR068C,YDR046C,YBR069C,YGR087C,YFL053W,YML070W,YLR044C,YLR134W,YDR380W,YDL080C,YMR009W,YKL192C,YPL148C,YMR289W,YCL025C,YKR039W,YOL020W,YOL059W,YGR191W,YLR231C,YJL121C,YLR348C,YML120C,YEL046C,YBR180W,YLR328W,,,
28,0.129958425477037,0.147899816188785,YBR068C,YMR083W,YDR046C,YBR069C,YGR087C,YFL053W,YML070W,YLR044C,YLR134W,YDR380W,YKL192C,YPL148C,YGR088W,YBR291C,YJL060W,YCL025C,YKR039W,YOL020W,YOL059W,YGR191W,YBR166C,YKL174C,YJL121C,YLR348C,YLR146C,YML120C,YEL046C,YFR047C,,,
28,0.109971315174582,0.105012157330437,YDL168W,YMR303C,YBR068C,YDR046C,YBR069C,YGR087C,YLR044C,YLR134W,YDR380W,YDL080C,YKL192C,YNR033W,YHR002W,YCL025C,YKR039W,YOL020W,YOR120W,YOL059W,YGR191W,YLR231C,YJL121C,YLR348C,YLR146C,YML120C,YEL046C,YDR402C,YLR328W,YKL184W,,,
28,0.107104100219655,0.121890358382624,YDL168W,YMR303C,YBR068C,YDR046C,YBR069C,YPL061W,YGR087C,YLR044C,YLR134W,YDR380W,YDL080C,YKL192C,YBR291C,YHR002W,YCL025C,YKR039W,YOL020W,YOR120W,YOL059W,YGR191W,YLR231C,YBR166C,YKL174C,YJL121C,YLR348C,YBR176W,YML120C,YLR328W,,,
28,0.106881406667584,0.121636917811585,YDL168W,YMR303C,YBR068C,YDR046C,YBR069C,YGR087C,YLR044C,YLR134W,YDR380W,YDL080C,YKL192C,YPL148C,YBR291C,YCL025C,YKR039W,YOL020W,YOR120W,YOL059W,YGR191W,YLR231C,YBR166C,YKL174C,YJL121C,YLR348C,YBR176W,YML120C,YEL046C,YFR047C,,,
28,0.107534149796116,0.116895543089262,YDL168W,YMR303C,YBR068C,YDR046C,YBR069C,YDR035W,YGR087C,YFL053W,YML070W,YLR044C,YLR134W,YDR380W,YDL080C,YMR009W,YKL192C,YHR002W,YCL025C,YKR039W,YOL020W,YOL059W,YGR191W,YLR231C,YDR403W,YJL121C,YLR348C,YML120C,YEL046C,YFR047C,,,
28,0.107534149742339,0.116895533284126,YDL168W,YMR303C,YBR068C,YDR046C,YBR069C,YDR035W,YGR087C,YLR044C,YLR134W,YDR380W,YDL080C,YKL192C,YHR002W,YCL025C,YKR039W,YOL020W,YOR120W,YOL059W,YIL145C,YGR191W,YJR078W,YJL121C,YLR348C,YML120C,YHR074W,YEL046C,YDR402C,YKL184W,,,
28,0.130485499845879,0.144402448481416,YBR068C,YMR083W,YDR046C,YBR069C,YGR087C,YFL053W,YML070W,YLR044C,YLR134W,YDR380W,YKL106W,YKL192C,YPL148C,YBR291C,YCL025C,YKR039W,YOL020W,YOL059W,YGR191W,YHR208W,YJR078W,YDR403W,YJL121C,YLR348C,YBR176W,YML120C,YEL046C,YLR328W,,,
28,0.107854545808321,0.117243819719319,YDL168W,YMR303C,YBR068C,YDR046C,YBR069C,YPL061W,YGR087C,YLR044C,YLR134W,YDR380W,YDL080C,YKL192C,YBR291C,YHR002W,YJL060W,YCL025C,YKR039W,YOL020W,YOR120W,YOL059W,YGR191W,YMR020W,YJL121C,YLR348C,YML120C,YBR180W,YFR047C,YKL184W,,,
28,0.107628723933032,0.11699833758331,YDL168W,YMR303C,YBR068C,YDR046C,YBR069C,YGR087C,YLR044C,YLR134W,YDR380W,YDL080C,YKL192C,YPL148C,YBR291C,YCL025C,YKR039W,YOL020W,YOL059W,YIL053W,YER062C,YGR191W,YJR078W,YJL121C,YLR348C,YLR017W,YML120C,YEL046C,YDR402C,YFR047C,,,
28,0.133452736305679,0.0997438989869428,YBR068C,YMR083W,YDR046C,YBR069C,YGR087C,YLR044C,YLR134W,YDR380W,YOR348C,YKL192C,YPL148C,YBR291C,YPL265W,YCL025C,YKR039W,YOL020W,YOR120W,YOL059W,YGR191W,YJR078W,YDR403W,YJL121C,YLR348C,YLR017W,YML120C,YPL188W,YJR049C,YEL041W,,,
28,0.107628723953849,0.116998338363314,YDL168W,YMR303C,YBR068C,YDR046C,YBR069C,YDR035W,YGR087C,YLR044C,YLR134W,YDR380W,YDL080C,YKL192C,YPL148C,YCL025C,YKR039W,YOL020W,YOR120W,YOL059W,YGR191W,YLR231C,YCR028C,YDR403W,YKL174C,YJL121C,YLR348C,YML120C,YHR074W,YEL046C,,,
28,0.107628723960788,0.116998342891877,YDL168W,YMR303C,YBR068C,YDR046C,YBR069C,YDR035W,YGR087C,YLR044C,YLR134W,YDR380W,YDL080C,YKL192C,YPL148C,YCL025C,YKR039W,YOL020W,YOR120W,YOL059W,YGR191W,YLR231C,YDR403W,YJL121C,YLR348C,YPR069C,YLR146C,YML120C,YEL046C,YFR047C,,,
28,0.129577589220962,0.150006148158298,YBR068C,YMR083W,YDR046C,YBR069C,YPL061W,YDR035W,YGR087C,YFL053W,YML070W,YLR044C,YLR134W,YDR380W,YKL106W,YKL192C,YPL148C,YCL025C,YKR039W,YOL020W,YOL059W,YGR191W,YLR231C,YHR208W,YBR166C,YJL121C,YLR348C,YBR176W,YML120C,YFR047C,,,
28,0.107104100223125,0.121890359289685,YDL168W,YMR303C,YBR068C,YDR046C,YBR069C,YPL061W,YGR087C,YLR044C,YLR134W,YDR380W,YDL080C,YKL192C,YBR291C,YHR002W,YJL060W,YCL025C,YKR039W,YOL020W,YOL059W,YIL053W,YER062C,YGR191W,YBR166C,YJL121C,YLR348C,YLR017W,YML120C,YHR074W,,,
28,0.129958425418058,0.147899737590919,YBR068C,YMR083W,YDR046C,YBR069C,YPL061W,YDR035W,YGR087C,YLR044C,YLR134W,YDR380W,YMR009W,YKL192C,YPL148C,YCL025C,YKR039W,YOL020W,YOL059W,YIL053W,YER062C,YGR191W,YBR166C,YJR078W,YJL121C,YLR348C,YML120C,YPL188W,YJR049C,YEL041W,,,
28,0.107949684641575,0.117347241205754,YDL168W,YMR303C,YBR068C,YDR046C,YBR069C,YPL061W,YGR087C,YLR044C,YLR134W,YDR380W,YDL080C,YKL192C,YPL148C,YBR291C,YCL025C,YKR039W,YOL020W,YOR120W,YOL059W,YGR191W,YMR020W,YJR078W,YJL121C,YLR348C,YPR069C,YML120C,YBR180W,YFR047C,,,
28,0.107534149766625,0.116895537201527,YDL168W,YMR303C,YBR068C,YDR046C,YBR069C,YDR035W,YGR087C,YLR044C,YLR134W,YDR380W,YDL080C,YKL192C,YHR002W,YJL060W,YCL025C,YKR039W,YOL020W,YOL059W,YIL053W,YER062C,YGR191W,YJL121C,YLR348C,YLR017W,YML120C,YHR074W,YEL046C,YBR180W,,,
28,0.130871699591932,0.14226474584585,YBR068C,YMR083W,YDR046C,YBR069C,YPL061W,YGR087C,YLR044C,YLR134W,YDR380W,YKL192C,YLR209C,YPL148C,YNL141W,YDR441C,YML022W,YBR291C,YCL025C,YKR039W,YOL020W,YOR120W,YOL059W,YGR191W,YJR078W,YJL121C,YLR348C,YML120C,YHR074W,YBR180W,,,
28,0.109971315146827,0.105012149227902,YDL168W,YMR303C,YBR068C,YDR046C,YBR069C,YGR087C,YLR044C,YLR134W,YDR380W,YDL080C,YKL192C,YMR289W,YHR002W,YCL025C,YKR039W,YOL020W,YOL059W,YIL053W,YER062C,YGR191W,YLR231C,YJL121C,YLR348C,YLR017W,YML120C,YEL046C,YDR402C,YLR328W,,,
29,0.109815165771634,0.0820769485557838,YDL168W,YMR303C,YBR068C,YDR046C,YBR069C,YDR035W,YGR087C,YLR044C,YLR134W,YDR380W,YDL080C,YOR348C,YKL192C,YPL148C,YPL265W,YCL025C,YKR039W,YOL020W,YOR120W,YOL059W,YGR191W,YLR231C,YJL121C,YLR348C,YBR176W,YML120C,YBR180W,YFR047C,YKL184W,,
29,0.107854545763218,0.117243809666811,YDL168W,YMR303C,YBR068C,YDR046C,YBR069C,YMR170C,YMR169C,YPL061W,YGR087C,YLR044C,YLR134W,YDR380W,YDL080C,YKL192C,YBR291C,YHR002W,YCL025C,YKR039W,YOL020W,YOR120W,YOL059W,YGR191W,YJR078W,YDR403W,YKL174C,YJL121C,YLR348C,YML120C,YHR074W,,
29,0.106881406681462,0.121636918603224,YDL168W,YMR303C,YBR068C,YDR046C,YBR069C,YDR035W,YGR087C,YLR044C,YLR134W,YDR380W,YDL080C,YKL192C,YPL148C,YJL060W,YCL025C,YKR039W,YOL020W,YOL059W,YIL145C,YIL053W,YER062C,YGR191W,YBR166C,YKL174C,YJL121C,YLR348C,YML120C,YEL046C,YLR328W,,
31,0.109784853460312,0.082054298376297,YDL168W,YMR303C,YBR068C,YDR046C,YBR069C,YDR035W,YGR087C,YLR044C,YLR134W,YDR380W,YDL080C,YOR348C,YKL192C,YGR088W,YHR002W,YPL265W,YJL060W,YCL025C,YKR039W,YOL020W,YOR120W,YPL091W,YOL059W,YGR191W,YJL121C,YLR348C,YDR453C,YML120C,YBR180W,YFR047C,YKL184W
